ID,Study,Reference,Grouping,Analyte,t0,tend,t Unit,AUC Avg,AUC AvgUnit,AUC AvgType,AUC Var,AUC VarUnit,AUC VarType,AUC Type,Cmax Avg,Cmax AvgUnit,Cmax AvgType,Cmax Var,Cmax VarUnit,Cmax VarType,Cmax Type,CL Avg,CL AvgUnit,CL AvgType,CL Var,CL VarUnit,CL VarType,CL Type,Comment,Notghi
5082,Treluyer 2002,https://www.ncbi.nlm.nih.gov/pubmed/11959572,mean,Amikacin,0,72,h,,,,,,,,,,,,,,,0.123,L/h/kg,Arith. Mean,52,%,geoSD,CLiv,Table 2,
5083,Treluyer 2002,https://www.ncbi.nlm.nih.gov/pubmed/11959572,ID1,Amikacin,0,72,h,,,,,,,,,,,,,,,0.053,L/h/kg,individual,,,,CLiv,POP-PK Point estimate Scanned from figure 1,
5084,Treluyer 2002,https://www.ncbi.nlm.nih.gov/pubmed/11959572,ID2,Amikacin,0,72,h,,,,,,,,,,,,,,,0.073,L/h/kg,individual,,,,CLiv,POP-PK Point estimate Scanned from figure 1,
5085,Treluyer 2002,https://www.ncbi.nlm.nih.gov/pubmed/11959572,ID3,Amikacin,0,72,h,,,,,,,,,,,,,,,0.095,L/h/kg,individual,,,,CLiv,POP-PK Point estimate Scanned from figure 1,
5086,Treluyer 2002,https://www.ncbi.nlm.nih.gov/pubmed/11959572,ID4,Amikacin,0,72,h,,,,,,,,,,,,,,,0.106,L/h/kg,individual,,,,CLiv,POP-PK Point estimate Scanned from figure 1,
5087,Treluyer 2002,https://www.ncbi.nlm.nih.gov/pubmed/11959572,ID5,Amikacin,0,72,h,,,,,,,,,,,,,,,0.118,L/h/kg,individual,,,,CLiv,POP-PK Point estimate Scanned from figure 1,
5088,Treluyer 2002,https://www.ncbi.nlm.nih.gov/pubmed/11959572,ID6,Amikacin,0,72,h,,,,,,,,,,,,,,,0.12,L/h/kg,individual,,,,CLiv,POP-PK Point estimate Scanned from figure 1,
5089,Treluyer 2002,https://www.ncbi.nlm.nih.gov/pubmed/11959572,ID7,Amikacin,0,72,h,,,,,,,,,,,,,,,0.127,L/h/kg,individual,,,,CLiv,POP-PK Point estimate Scanned from figure 1,
5090,Treluyer 2002,https://www.ncbi.nlm.nih.gov/pubmed/11959572,ID8,Amikacin,0,72,h,,,,,,,,,,,,,,,0.15,L/h/kg,individual,,,,CLiv,POP-PK Point estimate Scanned from figure 1,
5091,Treluyer 2002,https://www.ncbi.nlm.nih.gov/pubmed/11959572,ID9,Amikacin,0,72,h,,,,,,,,,,,,,,,0.181,L/h/kg,individual,,,,CLiv,POP-PK Point estimate Scanned from figure 1,
5092,Treluyer 2002,https://www.ncbi.nlm.nih.gov/pubmed/11959572,ID10,Amikacin,0,72,h,,,,,,,,,,,,,,,0.19,L/h/kg,individual,,,,CLiv,POP-PK Point estimate Scanned from figure 1,
5093,Treluyer 2002,https://www.ncbi.nlm.nih.gov/pubmed/11959572,ID11,Amikacin,0,72,h,,,,,,,,,,,,,,,0.196,L/h/kg,individual,,,,CLiv,POP-PK Point estimate Scanned from figure 1,
5094,Treluyer 2002,https://www.ncbi.nlm.nih.gov/pubmed/11959572,ID12,Amikacin,0,72,h,,,,,,,,,,,,,,,0.177,L/h/kg,individual,,,,CLiv,POP-PK Point estimate Scanned from figure 1,
5095,Vogelstein,https://www.ncbi.nlm.nih.gov/pubmed/874697,mean,Amikacin,0,225,min,,,,,,,,,,,,,,,2.49,mL/min/kg,arith. Mean,0.75,mL/min/kg,arith. SD,CLiv,Table 1,
5096,Vogelstein 1977,https://www.ncbi.nlm.nih.gov/pubmed/874697,ID1,Amikacin,0,225,min,,,,,,,,,,,,,,,1.74,mL/min/kg,individual,,,,CLiv,Table 1,
5097,Vogelstein 1977,https://www.ncbi.nlm.nih.gov/pubmed/874697,ID2,Amikacin,0,225,min,,,,,,,,,,,,,,,1.44,mL/min/kg,individual,,,,CLiv,Table 1,
5098,Vogelstein 1977,https://www.ncbi.nlm.nih.gov/pubmed/874697,ID3,Amikacin,0,225,min,,,,,,,,,,,,,,,2.56,mL/min/kg,individual,,,,CLiv,Table 1,
5099,Vogelstein 1977,https://www.ncbi.nlm.nih.gov/pubmed/874697,ID4,Amikacin,0,225,min,,,,,,,,,,,,,,,1.35,mL/min/kg,individual,,,,CLiv,Table 1,
5100,Vogelstein 1977,https://www.ncbi.nlm.nih.gov/pubmed/874697,ID5,Amikacin,0,225,min,,,,,,,,,,,,,,,2.64,mL/min/kg,individual,,,,CLiv,Table 1,
5101,Vogelstein 1977,https://www.ncbi.nlm.nih.gov/pubmed/874697,ID6,Amikacin,0,225,min,,,,,,,,,,,,,,,2.19,mL/min/kg,individual,,,,CLiv,Table 1,
5102,Vogelstein 1977,https://www.ncbi.nlm.nih.gov/pubmed/874697,ID7,Amikacin,0,225,min,,,,,,,,,,,,,,,4.22,mL/min/kg,individual,,,,CLiv,Table 1,
5103,Vogelstein 1977,https://www.ncbi.nlm.nih.gov/pubmed/874697,ID8,Amikacin,0,225,min,,,,,,,,,,,,,,,2.63,mL/min/kg,individual,,,,CLiv,Table 1,
5104,Vogelstein 1977,https://www.ncbi.nlm.nih.gov/pubmed/874697,ID9,Amikacin,0,225,min,,,,,,,,,,,,,,,4.26,mL/min/kg,individual,,,,CLiv,Table 1,
5105,Vogelstein 1977,https://www.ncbi.nlm.nih.gov/pubmed/874697,ID10,Amikacin,0,225,min,,,,,,,,,,,,,,,2.3,mL/min/kg,individual,,,,CLiv,Table 1,
5106,Vogelstein 1977,https://www.ncbi.nlm.nih.gov/pubmed/874697,ID11,Amikacin,0,225,min,,,,,,,,,,,,,,,1.91,mL/min/kg,individual,,,,CLiv,Table 1,
5107,Vogelstein 1977,https://www.ncbi.nlm.nih.gov/pubmed/874697,ID12,Amikacin,0,225,min,,,,,,,,,,,,,,,2.3,mL/min/kg,individual,,,,CLiv,Table 1,
5108,Vogelstein 1977,https://www.ncbi.nlm.nih.gov/pubmed/874697,ID13,Amikacin,0,225,min,,,,,,,,,,,,,,,2.23,mL/min/kg,individual,,,,CLiv,Table 1,
5109,Vogelstein 1977,https://www.ncbi.nlm.nih.gov/pubmed/874697,ID14,Amikacin,0,225,min,,,,,,,,,,,,,,,2.58,mL/min/kg,individual,,,,CLiv,Table 1,
5110,Vogelstein 1977,https://www.ncbi.nlm.nih.gov/pubmed/874697,ID15,Amikacin,0,225,min,,,,,,,,,,,,,,,2.86,mL/min/kg,individual,,,,CLiv,Table 1,
5111,Vogelstein 1977,https://www.ncbi.nlm.nih.gov/pubmed/874697,ID16,Amikacin,0,225,min,,,,,,,,,,,,,,,2.88,mL/min/kg,individual,,,,CLiv,Table 1,
5112,Vogelstein 1977,https://www.ncbi.nlm.nih.gov/pubmed/874697,ID17,Amikacin,0,225,min,,,,,,,,,,,,,,,3.31,mL/min/kg,individual,,,,CLiv,Table 1,
5113,Vogelstein 1977,https://www.ncbi.nlm.nih.gov/pubmed/874697,ID18,Amikacin,0,225,min,,,,,,,,,,,,,,,1.88,mL/min/kg,individual,,,,CLiv,Table 1,
5114,Vogelstein 1977,https://www.ncbi.nlm.nih.gov/pubmed/874697,ID19,Amikacin,0,225,min,,,,,,,,,,,,,,,2.06,mL/min/kg,individual,,,,CLiv,Table 1,
5115,Vogelstein 1977,https://www.ncbi.nlm.nih.gov/pubmed/874697,ID20,Amikacin,0,225,min,,,,,,,,,,,,,,,2.47,mL/min/kg,individual,,,,CLiv,Table 1,
5116,Belfayol 1996,https://www.ncbi.nlm.nih.gov/pubmed/11866842,mean,Amikacin,0,24,h,,,,,,,,,,,,,,,56.3,mL/min,arith. Mean,33.8,mL/min,arith. SD,CLiv,Table 1,
5117,Boekh 1988,https://www.ncbi.nlm.nih.gov/pubmed/3279907,mean 0.5g,vancomycin,0,720,min,,,,,,,,,,,,,,,94.5,mL/min,arith. Mean,15.9,mL/min,arith. SD,CLiv,Table 1,
5118,Boekh 1988,https://www.ncbi.nlm.nih.gov/pubmed/3279907,mean 1g,vancomycin,0,720,min,,,,,,,,,,,,,,,96.5,mL/min,arith. Mean,18.1,mL/min,arith. SD,CLiv,Table 1,
5119,Healy 1987,https://www.ncbi.nlm.nih.gov/pubmed/3579256,mean 0.5g,vancomycin,0,61.00335,h,,,,,,,,,,,,,,,84.8,mL/min,arith. Mean,11.5,mL/min/1.73m2,arith. SD,CLiv,At steady state (Table 1),
5120,Healy 1987,https://www.ncbi.nlm.nih.gov/pubmed/3579256,mean 1g,vancomycin,0,61.28713,h,,,,,,,,,,,,,,,86.1,mL/min,arith. Mean,8.9,mL/min/1.73m2,arith. SD,CLiv,At steady state (Table 2),
5121,Schaad 1980,https://www.ncbi.nlm.nih.gov/pubmed/7350291,ID 1,vancomycin,0,6.5,h,,,,,,,,,,,,,,,3.641618497,mL/min,arith. Mean,,,,CLiv,,
5122,Schaad 1980,https://www.ncbi.nlm.nih.gov/pubmed/7350291,ID 2,vancomycin,0,7,h,,,,,,,,,,,,,,,8.092485549,mL/min,arith. Mean,,,,CLiv,,
5123,Schaad 1980,https://www.ncbi.nlm.nih.gov/pubmed/7350291,ID 3,vancomycin,0,7,h,,,,,,,,,,,,,,,14.04624277,mL/min,arith. Mean,,,,CLiv,,
5124,Schaad 1980,https://www.ncbi.nlm.nih.gov/pubmed/7350291,ID 4,vancomycin,0,7,h,,,,,,,,,,,,,,,61.24277457,mL/min,arith. Mean,,,,CLiv,,
5125,Schaad 1980,https://www.ncbi.nlm.nih.gov/pubmed/7350291,ID 5,vancomycin,0,7,h,,,,,,,,,,,,,,,59.06358382,mL/min,arith. Mean,,,,CLiv,,
5126,Schaad 1980,https://www.ncbi.nlm.nih.gov/pubmed/7350291,ID 6,vancomycin,0,8,h,,,,,,,,,,,,,,,74.3583815,mL/min,arith. Mean,,,,CLiv,,
5127,Bovill 1984,https://www.ncbi.nlm.nih.gov/pubmed/6238552,mean,Sufentanil,0,8,h,,,,,,,,,,,,,,,12.66,mL/min/kg,arith. Mean,0.78,mL/kg/min,arith. SEM,CLiv,Table 3,
5128,Willsie 2015,https://www.ncbi.nlm.nih.gov/pubmed/25544247,mean,Sufentanil,0,1440,min,273.8,pg*h/mL,arith. Mean,61.1,pg*h/mL,arith. SD,AUC_inf,,,,,,,,,,,,,,CLiv,,
5129,Davis 1987,https://www.ncbi.nlm.nih.gov/pubmed/2950809,mean,Sufentanil,0,120,min,0.000545455,mg*min/mL,arith. Mean,,,,AUC_tau,,,,,,,,27.5,mL/min/kg,arith. Mean,9.3,mL/kg/min,arith. Mean,CLiv,"Table 3, last samples taken 120 OR until the initiation of cardiopulmonary bypass, AUCinf imputed based on reported Dose/CL",
5130,Davis 1987,https://www.ncbi.nlm.nih.gov/pubmed/2950809,mean,Sufentanil,0,120,min,0.000828729,mg*min/mL,individual,,,,AUC_tau,,,,,,,,18.1,mL/min/kg,arith. Mean,10.7,mL/kg/min,arith. Mean,CLiv,"Table 3 ,AUCinf imputed based on reported Dose/CL",
5131,Guay 1991,https://www.ncbi.nlm.nih.gov/pubmed/1531117,ID1,Sufentanil,0,360,min,0.00010838,mg*min/mL,individual,,,,AUC_tau,,,,,,,,17.9,mL/min/kg,individual,,,,CLiv,"t_end is time to reach limit of quanititation after dose, AUCinf imputed based on reported Dose/CL",
5132,Guay 1991,https://www.ncbi.nlm.nih.gov/pubmed/1531117,ID2,Sufentanil,0,60,min,0.0000463,mg*min/mL,individual,,,,AUC_tau,,,,,,,,40.6,mL/min/kg,individual,,,,CLiv,AUCinf imputed based on reported Dose/CL,
5133,Guay 1991,https://www.ncbi.nlm.nih.gov/pubmed/1531117,ID3,Sufentanil,0,240,min,0.0000892,mg*min/mL,individual,,,,AUC_tau,,,,,,,,39.7,mL/min/kg,individual,,,,CLiv,AUCinf imputed based on reported Dose/CL,
5134,Guay 1991,https://www.ncbi.nlm.nih.gov/pubmed/1531117,ID4,Sufentanil,0,240,min,0.0000826,mg*min/mL,individual,,,,AUC_tau,,,,,,,,34,mL/min/kg,individual,,,,CLiv,AUCinf imputed based on reported Dose/CL,
5135,Guay 1991,https://www.ncbi.nlm.nih.gov/pubmed/1531117,ID5,Sufentanil,0,300,min,0.0000663,mg*min/mL,individual,,,,AUC_tau,,,,,,,,29.7,mL/min/kg,individual,,,,CLiv,AUCinf imputed based on reported Dose/CL,
5136,Guay 1991,https://www.ncbi.nlm.nih.gov/pubmed/1531117,ID6,Sufentanil,0,120,min,0.0000673,mg*min/mL,individual,,,,AUC_tau,,,,,,,,29.7,mL/min/kg,individual,,,,CLiv,AUCinf imputed based on reported Dose/CL,
5137,Guay 1991,https://www.ncbi.nlm.nih.gov/pubmed/1531117,ID7,Sufentanil,0,420,min,0.000134872,mg*min/mL,individual,,,,AUC_tau,,,,,,,,19.5,mL/min/kg,individual,,,,CLiv,AUCinf imputed based on reported Dose/CL,
5138,Guay 1991,https://www.ncbi.nlm.nih.gov/pubmed/1531117,ID8,Sufentanil,0,240,min,0.0000699,mg*min/mL,individual,,,,AUC_tau,,,,,,,,44.9,mL/min/kg,individual,,,,CLiv,AUCinf imputed based on reported Dose/CL,
5139,Guay 1991,https://www.ncbi.nlm.nih.gov/pubmed/1531117,ID9,Sufentanil,0,120,min,0.0000436,mg*min/mL,individual,,,,AUC_tau,,,,,,,,44.7,mL/min/kg,individual,,,,CLiv,AUCinf imputed based on reported Dose/CL,
5140,Guay 1991,https://www.ncbi.nlm.nih.gov/pubmed/1531117,ID10,Sufentanil,0,240,min,0.0000853,mg*min/mL,individual,,,,AUC_tau,,,,,,,,36.1,mL/min/kg,individual,,,,CLiv,AUCinf imputed based on reported Dose/CL,
5141,Guay 1991,https://www.ncbi.nlm.nih.gov/pubmed/1531117,ID11,Sufentanil,0,420,min,0.000135498,mg*min/mL,individual,,,,AUC_tau,,,,,,,,23.1,mL/min/kg,individual,,,,CLiv,AUCinf imputed based on reported Dose/CL,
5142,Guay 1991,https://www.ncbi.nlm.nih.gov/pubmed/1531117,ID12,Sufentanil,0,240,min,0.0000755,mg*min/mL,individual,,,,AUC_tau,,,,,,,,26.5,mL/min/kg,individual,,,,CLiv,AUCinf imputed based on reported Dose/CL,
5143,Guay 1991,https://www.ncbi.nlm.nih.gov/pubmed/1531117,ID13,Sufentanil,0,420,min,0.000161538,mg*min/mL,individual,,,,AUC_tau,,,,,,,,18.2,mL/min/kg,individual,,,,CLiv,AUCinf imputed based on reported Dose/CL,
5144,Guay 1991,https://www.ncbi.nlm.nih.gov/pubmed/1531117,ID14,Sufentanil,0,420,min,0.000151832,mg*min/mL,individual,,,,AUC_tau,,,,,,,,19.1,mL/min/kg,individual,,,,CLiv,AUCinf imputed based on reported Dose/CL,
5145,Guay 1991,https://www.ncbi.nlm.nih.gov/pubmed/1531117,ID15,Sufentanil,0,180,min,0.000127542,mg*min/mL,individual,,,,AUC_tau,,,,,,,,23.6,mL/min/kg,individual,,,,CLiv,AUCinf imputed based on reported Dose/CL,
5146,Guay 1991,https://www.ncbi.nlm.nih.gov/pubmed/1531117,ID16,Sufentanil,0,240,min,0.0000571,mg*min/mL,individual,,,,AUC_tau,,,,,,,,25.9,mL/min/kg,individual,,,,CLiv,AUCinf imputed based on reported Dose/CL,
5147,Guay 1991,https://www.ncbi.nlm.nih.gov/pubmed/1531117,ID17,Sufentanil,0,180,min,0.0000617,mg*min/mL,individual,,,,AUC_tau,,,,,,,,32.9,mL/min/kg,individual,,,,CLiv,AUCinf imputed based on reported Dose/CL,
5148,Guay 1991,https://www.ncbi.nlm.nih.gov/pubmed/1531117,ID18,Sufentanil,0,180,min,0.000035,mg*min/mL,individual,,,,AUC_tau,,,,,,,,28,mL/min/kg,individual,,,,CLiv,AUCinf imputed based on reported Dose/CL,
5149,Guay 1991,https://www.ncbi.nlm.nih.gov/pubmed/1531117,ID19,Sufentanil,0,240,min,0.0000736,mg*min/mL,individual,,,,AUC_tau,,,,,,,,40.1,mL/min/kg,individual,,,,CLiv,AUCinf imputed based on reported Dose/CL,
5150,Guay 1991,https://www.ncbi.nlm.nih.gov/pubmed/1531117,ID20,Sufentanil,0,180,min,0.0000565,mg*min/mL,individual,,,,AUC_tau,,,,,,,,35.2,mL/min/kg,individual,,,,CLiv,AUCinf imputed based on reported Dose/CL,
5151,den Hollander 1992,https://www.ncbi.nlm.nih.gov/pubmed/1610996,I1,Alfentanil,0,45,min,21.1,mg*min/L,individual,,,,AUC_tau,,,,,,,,,,,,,,,,
5152,den Hollander 1992,https://www.ncbi.nlm.nih.gov/pubmed/1610996,I2,Alfentanil,0,45,min,14,mg*min/L,individual,,,,AUC_tau,,,,,,,,,,,,,,,,
5153,den Hollander 1992,https://www.ncbi.nlm.nih.gov/pubmed/1610996,I3,Alfentanil,0,45,min,19.8,mg*min/L,individual,,,,AUC_tau,,,,,,,,,,,,,,,,
5154,den Hollander 1992,https://www.ncbi.nlm.nih.gov/pubmed/1610996,I4,Alfentanil,0,45,min,18.5,mg*min/L,individual,,,,AUC_tau,,,,,,,,,,,,,,,,
5155,den Hollander 1992,https://www.ncbi.nlm.nih.gov/pubmed/1610996,I5,Alfentanil,0,45,min,15.9,mg*min/L,individual,,,,AUC_tau,,,,,,,,,,,,,,,,
5157,den Hollander 1992,https://www.ncbi.nlm.nih.gov/pubmed/1610996,C1,Alfentanil,0,45,min,12.4,mg*min/L,individual,,,,AUC_tau,,,,,,,,,,,,,,,,
5158,den Hollander 1992,https://www.ncbi.nlm.nih.gov/pubmed/1610996,C2,Alfentanil,0,45,min,24.3,mg*min/L,individual,,,,AUC_tau,,,,,,,,,,,,,,,,
5159,den Hollander 1992,https://www.ncbi.nlm.nih.gov/pubmed/1610996,C3,Alfentanil,0,45,min,11.3,mg*min/L,individual,,,,AUC_tau,,,,,,,,,,,,,,,,
5160,den Hollander 1992,https://www.ncbi.nlm.nih.gov/pubmed/1610996,C4,Alfentanil,0,45,min,18.6,mg*min/L,individual,,,,AUC_tau,,,,,,,,,,,,,,,,
5161,den Hollander 1992,https://www.ncbi.nlm.nih.gov/pubmed/1610996,C5,Alfentanil,0,45,min,20.7,mg*min/L,individual,,,,AUC_tau,,,,,,,,,,,,,,,,
5162,den Hollander 1992,https://www.ncbi.nlm.nih.gov/pubmed/1610996,C6,Alfentanil,0,45,min,22.7,mg*min/L,individual,,,,AUC_tau,,,,,,,,,,,,,,,,
5163,Meistelman 1987,https://www.ncbi.nlm.nih.gov/pubmed/3099603,ID1,Alfentanil,0,360,min,0.005882353,mg*min/mL,individual,,,,AUC_tau,,,,,,,,3.4,mL/min/kg,individual,,,,,AUCinf imputed based on reported Dose/AUC,
5164,Meistelman 1987,https://www.ncbi.nlm.nih.gov/pubmed/3099603,ID2,Alfentanil,0,360,min,0.003389831,mg*min/mL,individual,,,,AUC_tau,,,,,,,,5.9,mL/min/kg,individual,,,,,AUCinf imputed based on reported Dose/AUC,
5165,Meistelman 1987,https://www.ncbi.nlm.nih.gov/pubmed/3099603,ID3,Alfentanil,0,360,min,0.002409639,mg*min/mL,individual,,,,AUC_tau,,,,,,,,8.3,mL/min/kg,individual,,,,,AUCinf imputed based on reported Dose/AUC,
5166,Meistelman 1987,https://www.ncbi.nlm.nih.gov/pubmed/3099603,ID4,Alfentanil,0,360,min,0.004347826,mg*min/mL,individual,,,,AUC_tau,,,,,,,,4.6,mL/min/kg,individual,,,,,AUCinf imputed based on reported Dose/AUC,
5167,Meistelman 1987,https://www.ncbi.nlm.nih.gov/pubmed/3099603 ,ID5,Alfentanil,0,360,min,0.005405405,mg*min/mL,individual,,,,AUC_tau,,,,,,,,3.7,mL/min/kg,individual,,,,,AUCinf imputed based on reported Dose/AUC,
5168,Meistelman 1987,https://www.ncbi.nlm.nih.gov/pubmed/3099603,ID6,Alfentanil,0,360,min,0.004166667,mg*min/mL,individual,,,,AUC_tau,,,,,,,,4.8,mL/min/kg,individual,,,,,AUCinf imputed based on reported Dose/AUC,
5169,Meistelman 1987,https://www.ncbi.nlm.nih.gov/pubmed/3099603,ID7,Alfentanil,0,360,min,0.004545455,mg*min/mL,individual,,,,AUC_tau,,,,,,,,4.4,mL/min/kg,individual,,,,,AUCinf imputed based on reported Dose/AUC,
5170,Meistelman 1987,https://www.ncbi.nlm.nih.gov/pubmed/3099603,ID8,Alfentanil,0,360,min,0.007407407,mg*min/mL,individual,,,,AUC_tau,,,,,,,,2.7,mL/min/kg,individual,,,,,AUCinf imputed based on reported Dose/AUC,
5171,Meistelman 1987,https://www.ncbi.nlm.nih.gov/pubmed/3099603,mean child,Alfentanil,0,360,min,0.004255319,mg*min/mL,arith. Mean,,,,AUC_tau,,,,,,,,4.7,mL/min/kg,arith. Mean,0.6,mL/min/kg,arith. SD,CLiv,AUCinf imputed based on reported Dose/AUC,
5172,Meistelman 1987,https://www.ncbi.nlm.nih.gov/pubmed/3099603,ID9,Alfentanil,0,360,min,0.002777778,mg*min/mL,individual,,,,AUC_tau,,,,,,,,7.2,mL/min/kg,individual,,,,,AUCinf imputed based on reported Dose/AUC,
5173,Meistelman 1987,https://www.ncbi.nlm.nih.gov/pubmed/3099603,ID10,Alfentanil,0,360,min,0.005128205,mg*min/mL,individual,,,,AUC_tau,,,,,,,,3.9,mL/min/kg,individual,,,,,AUCinf imputed based on reported Dose/AUC,
5174,Meistelman 1987,https://www.ncbi.nlm.nih.gov/pubmed/3099603,ID11,Alfentanil,0,360,min,0.007407407,mg*min/mL,individual,,,,AUC_tau,,,,,,,,2.7,mL/min/kg,individual,,,,,AUCinf imputed based on reported Dose/AUC,
5175,Meistelman 1987,https://www.ncbi.nlm.nih.gov/pubmed/3099603,ID12,Alfentanil,0,360,min,0.005128205,mg*min/mL,individual,,,,AUC_tau,,,,,,,,3.9,mL/min/kg,individual,,,,,AUCinf imputed based on reported Dose/AUC,
5176,Meistelman 1987,https://www.ncbi.nlm.nih.gov/pubmed/3099603,ID13,Alfentanil,0,360,min,0.006060606,mg*min/mL,individual,,,,AUC_tau,,,,,,,,3.3,mL/min/kg,individual,,,,,AUCinf imputed based on reported Dose/AUC,
5177,Meistelman 1987,https://www.ncbi.nlm.nih.gov/pubmed/3099603,mean adult,Alfentanil,0,360,min,0.004761905,mg*min/mL,arith. Mean,,,,AUC_tau,,,,,,,,4.2,mL/min/kg,arith. Mean,1.7,mL/min/kg,arith. SD,CLiv,AUCinf imputed based on reported Dose/AUC,
5178,Goresky 1987,https://www.ncbi.nlm.nih.gov/pubmed/3118743,ID1,Alfentanil,0,360,min,5543,ng*min/mL,individual,,,,AUC_inf,,,,,,,,,,,,,,,,
5179,Goresky 1987,https://www.ncbi.nlm.nih.gov/pubmed/3118743,ID2,Alfentanil,0,360,min,4609,ng*min/mL,individual,,,,AUC_inf,,,,,,,,,,,,,,,,
5180,Goresky 1987,https://www.ncbi.nlm.nih.gov/pubmed/3118743,ID3,Alfentanil,0,360,min,5753,ng*min/mL,individual,,,,AUC_inf,,,,,,,,,,,,,,,,
5181,Goresky 1987,https://www.ncbi.nlm.nih.gov/pubmed/3118743,ID4,Alfentanil,0,360,min,8086,ng*min/mL,individual,,,,AUC_inf,,,,,,,,,,,,,,,,
5182,Goresky 1987,https://www.ncbi.nlm.nih.gov/pubmed/3118743,ID5,Alfentanil,0,360,min,6923,ng*min/mL,individual,,,,AUC_inf,,,,,,,,,,,,,,,,
5183,Goresky 1987,https://www.ncbi.nlm.nih.gov/pubmed/3118743,ID6,Alfentanil,0,360,min,6736,ng*min/mL,individual,,,,AUC_inf,,,,,,,,,,,,,,,,
5184,Goresky 1987,https://www.ncbi.nlm.nih.gov/pubmed/3118743,ID7,Alfentanil,0,360,min,6089,ng*min/mL,individual,,,,AUC_inf,,,,,,,,,,,,,,,,
5185,Goresky 1987,https://www.ncbi.nlm.nih.gov/pubmed/3118743,ID8,Alfentanil,0,360,min,5702,ng*min/mL,individual,,,,AUC_inf,,,,,,,,,,,,,,,,
5186,Goresky 1987,https://www.ncbi.nlm.nih.gov/pubmed/3118743,ID9,Alfentanil,0,360,min,6972,ng*min/mL,individual,,,,AUC_inf,,,,,,,,,,,,,,,,
5187,Goresky 1987,https://www.ncbi.nlm.nih.gov/pubmed/3118743,ID10,Alfentanil,0,360,min,9343,ng*min/mL,individual,,,,AUC_inf,,,,,,,,,,,,,,,,
5188,Goresky 1987,https://www.ncbi.nlm.nih.gov/pubmed/3118743,ID11,Alfentanil,0,360,min,4837,ng*min/mL,individual,,,,AUC_inf,,,,,,,,,,,,,,,,
5189,Goresky 1987,https://www.ncbi.nlm.nih.gov/pubmed/3118743,ID12,Alfentanil,0,360,min,5492,ng*min/mL,individual,,,,AUC_inf,,,,,,,,,,,,,,,,
5190,Goresky 1987,https://www.ncbi.nlm.nih.gov/pubmed/3118743,ID13,Alfentanil,0,360,min,9100,ng*min/mL,individual,,,,AUC_inf,,,,,,,,,,,,,,,,
5191,Goresky 1987,https://www.ncbi.nlm.nih.gov/pubmed/3118743,ID14,Alfentanil,0,360,min,14704,ng*min/mL,individual,,,,AUC_inf,,,,,,,,,,,,,,,,
5192,Goresky 1987,https://www.ncbi.nlm.nih.gov/pubmed/3118743,ID15,Alfentanil,0,360,min,11003,ng*min/mL,individual,,,,AUC_inf,,,,,,,,,,,,,,,,
5193,Goresky 1987,https://www.ncbi.nlm.nih.gov/pubmed/3118743,ID16,Alfentanil,0,360,min,17707,ng*min/mL,individual,,,,AUC_inf,,,,,,,,,,,,,,,,
5194,Goresky 1987,https://www.ncbi.nlm.nih.gov/pubmed/3118743,ID17,Alfentanil,0,360,min,140909,ng*min/mL,individual,,,,AUC_inf,,,,,,,,,,,,,,,,
5195,Goresky 1987,https://www.ncbi.nlm.nih.gov/pubmed/3118743,ID18,Alfentanil,0,360,min,21587,ng*min/mL,individual,,,,AUC_inf,,,,,,,,,,,,,,,,
5197,Abdel-Rahman 2007,https://www.ncbi.nlm.nih.gov/pubmed/17517842,6m-2y,Itraconazole,0,24,h,2121,ng*h/mL,arith. Mean,1231,ng*h/mL,arith. SD,AUC_tau,827,ng/mL,arith. mean,859,ng/mL,arith. SD,Cmax_total,1143,mL/h/kg,arith. Mean,513,mL/h/kg,arith. Mean,CL total,,
5198,Abdel-Rahman 2007,https://www.ncbi.nlm.nih.gov/pubmed/17517842,2-6y,Itraconazole,0,24,h,9510,ng*h/mL,arith. Mean,11316,ng*h/mL,arith. SD,AUC_tau,1553,ng/mL,arith. mean,918,ng/mL,arith. SD,Cmax_total,529,mL/h/kg,arith. Mean,611,mL/h/kg,arith. Mean,CL total,,
5199,Abdel-Rahman 2007,https://www.ncbi.nlm.nih.gov/pubmed/17517842,6-12y,Itraconazole,0,24,h,3765,ng*h/mL,arith. Mean,1711,ng*h/mL,arith. SD,AUC_tau,785,ng/mL,arith. mean,301,ng/mL,arith. SD,Cmax_total,621,mL/h/kg,arith. Mean,340,mL/h/kg,arith. Mean,CL total,,
5200,Abdel-Rahman 2007,https://www.ncbi.nlm.nih.gov/pubmed/17517842,12-16y,Itraconazole,0,24,h,2669,ng*h/mL,arith. Mean,1076,ng*h/mL,arith. SD,AUC_tau,806,ng/mL,arith. mean,381,ng/mL,arith. SD,Cmax_total,777,mL/h/kg,arith. Mean,455,mL/h/kg,arith. Mean,CL total,,
5201,Rane 1976,https://www.ncbi.nlm.nih.gov/pubmed/1017153,3-9d,Digoxin,0,24,h,,,,,,,,,,,,,,,1.8,mL/min/kg,Arith. Mean,,,,,,
5202,Rane 1976,https://www.ncbi.nlm.nih.gov/pubmed/1017153,1.3-11m,Digoxin,0,24,h,,,,,,,,,,,,,,,7.5,mL/min/kg,Arith. Mean,,,,,,
5203,Rane 1976,https://www.ncbi.nlm.nih.gov/pubmed/1017153,2-5y,Digoxin,0,24,h,,,,,,,,,,,,,,,11.1,mL/min/kg,Arith. Mean,,,,,,
5204,Ratnapalan 2003,https://www.ncbi.nlm.nih.gov/pubmed/12756393,ÎD1,Digoxin,0,24,h,,,,,,,,,,,,,,,105.6,mL/min/m2,Individual,,,,,,
5205,Ratnapalan 2003,https://www.ncbi.nlm.nih.gov/pubmed/12756393,ÎD2,Digoxin,0,24,h,,,,,,,,,,,,,,,62.1,mL/min/m2,Individual,,,,,,
5206,Ratnapalan 2003,https://www.ncbi.nlm.nih.gov/pubmed/12756393,ÎD3,Digoxin,0,24,h,,,,,,,,,,,,,,,98.4,mL/min/m2,Individual,,,,,,
5207,Ratnapalan 2003,https://www.ncbi.nlm.nih.gov/pubmed/12756393,ÎD4,Digoxin,0,24,h,,,,,,,,,,,,,,,63.6,mL/min/m2,Individual,,,,,,
5208,Ratnapalan 2003,https://www.ncbi.nlm.nih.gov/pubmed/12756393,ÎD5,Digoxin,0,24,h,,,,,,,,,,,,,,,202.3,mL/min/m2,Individual,,,,,,
5209,Ratnapalan 2003,https://www.ncbi.nlm.nih.gov/pubmed/12756393,ÎD6,Digoxin,0,24,h,,,,,,,,,,,,,,,117.8,mL/min/m2,Individual,,,,,,
5210,Ratnapalan 2003,https://www.ncbi.nlm.nih.gov/pubmed/12756393,ÎD7,Digoxin,0,24,h,,,,,,,,,,,,,,,353,mL/min/m2,Individual,,,,,,
5211,Ratnapalan 2003,https://www.ncbi.nlm.nih.gov/pubmed/12756393,ÎD8,Digoxin,0,24,h,,,,,,,,,,,,,,,74.08,mL/min/m2,Individual,,,,,,
5212,Ratnapalan 2003,https://www.ncbi.nlm.nih.gov/pubmed/12756393,ÎD9,Digoxin,0,24,h,,,,,,,,,,,,,,,94.4,mL/min/m2,Individual,,,,,,
5213,Ratnapalan 2003,https://www.ncbi.nlm.nih.gov/pubmed/12756393,ÎD10,Digoxin,0,24,h,,,,,,,,,,,,,,,107.8,mL/min/m2,Individual,,,,,,
5214,Ratnapalan 2003,https://www.ncbi.nlm.nih.gov/pubmed/12756393,ÎD11,Digoxin,0,24,h,,,,,,,,,,,,,,,63.7,mL/min/m2,Individual,,,,,,
5215,Ratnapalan 2003,https://www.ncbi.nlm.nih.gov/pubmed/12756393,ÎD12,Digoxin,0,24,h,,,,,,,,,,,,,,,56.1,mL/min/m2,Individual,,,,,,
5216,Ratnapalan 2003,https://www.ncbi.nlm.nih.gov/pubmed/12756393,ÎD13,Digoxin,0,24,h,,,,,,,,,,,,,,,100,mL/min/m2,Individual,,,,,,
5217,Ratnapalan 2003,https://www.ncbi.nlm.nih.gov/pubmed/12756393,ÎD14,Digoxin,0,24,h,,,,,,,,,,,,,,,65.1,mL/min/m2,Individual,,,,,,
5218,Ratnapalan 2003,https://www.ncbi.nlm.nih.gov/pubmed/12756393,ÎD15,Digoxin,0,24,h,,,,,,,,,,,,,,,132.8,mL/min/m2,Individual,,,,,,
5219,Ratnapalan 2003,https://www.ncbi.nlm.nih.gov/pubmed/12756393,ÎD16,Digoxin,0,24,h,,,,,,,,,,,,,,,62.5,mL/min/m2,Individual,,,,,,
5220,Ratnapalan 2003,https://www.ncbi.nlm.nih.gov/pubmed/12756393,ÎD17,Digoxin,0,24,h,,,,,,,,,,,,,,,172.3,mL/min/m2,Individual,,,,,,
5221,Ratnapalan 2003,https://www.ncbi.nlm.nih.gov/pubmed/12756393,ÎD18,Digoxin,0,24,h,,,,,,,,,,,,,,,98.7,mL/min/m2,Individual,,,,,,
5222,Nyberg 1980,https://www.ncbi.nlm.nih.gov/pubmed/7398751,neonates,Digoxin,0,24,h,,,,,,,,,,,,,,,3,mL/min/1.73m2,arith. Mean,,,,,Taken from Nyber 1978 reported doses and serum concentrations,
5223,Nyberg 1980,https://www.ncbi.nlm.nih.gov/pubmed/7398751,infants (moderate cl),Digoxin,0,24,h,,,,,,,,,,,,,,,4.5,mL/min/1.73m2,arith. Mean,,,,,Taken from Nyber 1978 reported doses and serum concentrations,
5224,Friesen 2004,https://www.ncbi.nlm.nih.gov/pubmed/15076638,7-16.8y,Montelukast,0,12,h,4387.2,ng*h/mL,geo. mean,3855.4,ng*h/mL,95%CI,AUC_inf,,,,,,,,,,,,,,,,
5225,Kearns 2008,https://www.ncbi.nlm.nih.gov/pubmed/18296556,ID1,Montelukast,0,24,h,30336.98,ng*h/mL,individual,,,,,,,,,,,,,,,,,,,,
5226,Kearns 2008,https://www.ncbi.nlm.nih.gov/pubmed/18296556,ID2,Montelukast,0,24,h,29350.14,ng*h/mL,individual,,,,,,,,,,,,,,,,,,,,
5227,Kearns 2008,https://www.ncbi.nlm.nih.gov/pubmed/18296556,ID3,Montelukast,0,24,h,19481.8,ng*h/mL,individual,,,,,,,,,,,,,,,,,,,,
5228,Kearns 2008,https://www.ncbi.nlm.nih.gov/pubmed/18296556,ID4,Montelukast,0,24,h,15271.04,ng*h/mL,individual,,,,,,,,,,,,,,,,,,,,
5229,Kearns 2008,https://www.ncbi.nlm.nih.gov/pubmed/18296556,ID5,Montelukast,0,24,h,14152.63,ng*h/mL,individual,,,,,,,,,,,,,,,,,,,,
5230,Kearns 2008,https://www.ncbi.nlm.nih.gov/pubmed/18296556,ID6,Montelukast,0,24,h,19490.31,ng*h/mL,individual,,,,,,,,,,,,,,,,,,,,
5231,Kearns 2008,https://www.ncbi.nlm.nih.gov/pubmed/18296556,ID7,Montelukast,0,24,h,17384.8,ng*h/mL,individual,,,,,,,,,,,,,,,,,,,,
5232,Kearns 2008,https://www.ncbi.nlm.nih.gov/pubmed/18296556,ID8,Montelukast,0,24,h,16069.03,ng*h/mL,individual,,,,,,,,,,,,,,,,,,,,
5233,Kearns 2008,https://www.ncbi.nlm.nih.gov/pubmed/18296556,ID9,Montelukast,0,24,h,14555.88,ng*h/mL,individual,,,,,,,,,,,,,,,,,,,,
5234,Kearns 2008,https://www.ncbi.nlm.nih.gov/pubmed/18296556,ID10,Montelukast,0,24,h,12845.36,ng*h/mL,individual,,,,,,,,,,,,,,,,,,,,
5235,Kearns 2008,https://www.ncbi.nlm.nih.gov/pubmed/18296556,ID11,Montelukast,0,24,h,10016.44,ng*h/mL,individual,,,,,,,,,,,,,,,,,,,,
5236,Kearns 2008,https://www.ncbi.nlm.nih.gov/pubmed/18296556,ID12,Montelukast,0,24,h,10024.69,ng*h/mL,individual,,,,,,,,,,,,,,,,,,,,
5237,Kearns 2008,https://www.ncbi.nlm.nih.gov/pubmed/18296556,ID13,Montelukast,0,24,h,8774.445,ng*h/mL,individual,,,,,,,,,,,,,,,,,,,,
5238,Kearns 2008,https://www.ncbi.nlm.nih.gov/pubmed/18296556,ID14,Montelukast,0,24,h,6998.658,ng*h/mL,individual,,,,,,,,,,,,,,,,,,,,
5239,Kearns 2008,https://www.ncbi.nlm.nih.gov/pubmed/18296556,ID15,Montelukast,0,24,h,5419.723,ng*h/mL,individual,,,,,,,,,,,,,,,,,,,,
5240,Kearns 2008,https://www.ncbi.nlm.nih.gov/pubmed/18296556,ID16,Montelukast,0,24,h,5024.989,ng*h/mL,individual,,,,,,,,,,,,,,,,,,,,
5241,Kearns 2008,https://www.ncbi.nlm.nih.gov/pubmed/18296556,ID17,Montelukast,0,24,h,3709.209,ng*h/mL,individual,,,,,,,,,,,,,,,,,,,,
5242,Kearns 2008,https://www.ncbi.nlm.nih.gov/pubmed/18296556,ID18,Montelukast,0,24,h,9835.066,ng*h/mL,individual,,,,,,,,,,,,,,,,,,,,
5243,Kearns 2008,https://www.ncbi.nlm.nih.gov/pubmed/18296556,ID19,Montelukast,0,24,h,6941.125,ng*h/mL,individual,,,,,,,,,,,,,,,,,,,,
5244,Kearns 2008,https://www.ncbi.nlm.nih.gov/pubmed/18296556,ID20,Montelukast,0,24,h,10369.89,ng*h/mL,individual,,,,,,,,,,,,,,,,,,,,
5245,Kearns 2008,https://www.ncbi.nlm.nih.gov/pubmed/18296556,ID21,Montelukast,0,24,h,9843.322,ng*h/mL,individual,,,,,,,,,,,,,,,,,,,,
5246,Kearns 2008,https://www.ncbi.nlm.nih.gov/pubmed/18296556,ID22,Montelukast,0,24,h,6488.084,ng*h/mL,individual,,,,,,,,,,,,,,,,,,,,
5247,Kearns 2008,https://www.ncbi.nlm.nih.gov/pubmed/18296556,ID23,Montelukast,0,24,h,3791.252,ng*h/mL,individual,,,,,,,,,,,,,,,,,,,,
5248,Kearns 2008,https://www.ncbi.nlm.nih.gov/pubmed/18296556,ID24,Montelukast,0,24,h,3462.049,ng*h/mL,individual,,,,,,,,,,,,,,,,,,,,
5249,Kearns 2008,https://www.ncbi.nlm.nih.gov/pubmed/18296556,ID25,Montelukast,0,24,h,6167.911,ng*h/mL,individual,,,,,,,,,,,,,,,,,,,,
5250,Kearns 2008,https://www.ncbi.nlm.nih.gov/pubmed/18296556,ID26,Montelukast,0,24,h,11833.5,ng*h/mL,individual,,,,,,,,,,,,,,,,,,,,
5251,Kearns 2008,https://www.ncbi.nlm.nih.gov/pubmed/18296556,ID27,Montelukast,0,24,h,10986.76,ng*h/mL,individual,,,,,,,,,,,,,,,,,,,,
5252,Kearns 2008,https://www.ncbi.nlm.nih.gov/pubmed/18296556,ID28,Montelukast,0,24,h,10394.92,ng*h/mL,individual,,,,,,,,,,,,,,,,,,,,
5253,Kearns 2008,https://www.ncbi.nlm.nih.gov/pubmed/18296556,ID29,Montelukast,0,24,h,8289.154,ng*h/mL,individual,,,,,,,,,,,,,,,,,,,,
5254,Kearns 2008,https://www.ncbi.nlm.nih.gov/pubmed/18296556,ID30,Montelukast,0,24,h,10534.24,ng*h/mL,individual,,,,,,,,,,,,,,,,,,,,
5255,Kearns 2008,https://www.ncbi.nlm.nih.gov/pubmed/18296556,ID31,Montelukast,0,24,h,4612.969,ng*h/mL,individual,,,,,,,,,,,,,,,,,,,,
5256,Kearns 2008,https://www.ncbi.nlm.nih.gov/pubmed/18296556,ID32,Montelukast,0,24,h,3897.288,ng*h/mL,individual,,,,,,,,,,,,,,,,,,,,
5257,Kearns 2008,https://www.ncbi.nlm.nih.gov/pubmed/18296556,ID33,Montelukast,0,24,h,15879.4,ng*h/mL,individual,,,,,,,,,,,,,,,,,,,,
5258,Kearns 2008,https://www.ncbi.nlm.nih.gov/pubmed/18296556,ID34,Montelukast,0,24,h,13116.26,ng*h/mL,individual,,,,,,,,,,,,,,,,,,,,
5259,Kearns 2008,https://www.ncbi.nlm.nih.gov/pubmed/18296556,ID35,Montelukast,0,24,h,5155.535,ng*h/mL,individual,,,,,,,,,,,,,,,,,,,,
5260,Kearns 2008,https://www.ncbi.nlm.nih.gov/pubmed/18296556,ID36,Montelukast,0,24,h,18848.16,ng*h/mL,individual,,,,,,,,,,,,,,,,,,,,
5261,Kearns 2008,https://www.ncbi.nlm.nih.gov/pubmed/18296556,ID37,Montelukast,0,24,h,7334.827,ng*h/mL,individual,,,,,,,,,,,,,,,,,,,,
5262,Kearns 2008,https://www.ncbi.nlm.nih.gov/pubmed/18296556,ID38,Montelukast,0,24,h,5690.103,ng*h/mL,individual,,,,,,,,,,,,,,,,,,,,
5263,Kearns 2008,https://www.ncbi.nlm.nih.gov/pubmed/18296556,ID39,Montelukast,0,24,h,6167.137,ng*h/mL,individual,,,,,,,,,,,,,,,,,,,,
5264,Kearns 2008,https://www.ncbi.nlm.nih.gov/pubmed/18296556,ID40,Montelukast,0,24,h,11060.03,ng*h/mL,individual,,,,,,,,,,,,,,,,,,,,
5265,Kearns 2008,https://www.ncbi.nlm.nih.gov/pubmed/18296556,ID41,Montelukast,0,24,h,15221.25,ng*h/mL,individual,,,,,,,,,,,,,,,,,,,,
5266,Kearns 2008,https://www.ncbi.nlm.nih.gov/pubmed/18296556,ID42,Montelukast,0,24,h,8642.352,ng*h/mL,individual,,,,,,,,,,,,,,,,,,,,
5267,Kearns 2008,https://www.ncbi.nlm.nih.gov/pubmed/18296556,ID43,Montelukast,0,24,h,7392.36,ng*h/mL,individual,,,,,,,,,,,,,,,,,,,,
5268,Kearns 2008,https://www.ncbi.nlm.nih.gov/pubmed/18296556,ID44,Montelukast,0,24,h,5945.002,ng*h/mL,individual,,,,,,,,,,,,,,,,,,,,
5269,Kearns 2008,https://www.ncbi.nlm.nih.gov/pubmed/18296556,ID45,Montelukast,0,24,h,14374.25,ng*h/mL,individual,,,,,,,,,,,,,,,,,,,,
5270,Kearns 2008,https://www.ncbi.nlm.nih.gov/pubmed/18296556,ID46,Montelukast,0,24,h,11940.31,ng*h/mL,individual,,,,,,,,,,,,,,,,,,,,
5271,Kearns 2008,https://www.ncbi.nlm.nih.gov/pubmed/18296556,ID47,Montelukast,0,24,h,11414,ng*h/mL,individual,,,,,,,,,,,,,,,,,,,,
5272,Kearns 2008,https://www.ncbi.nlm.nih.gov/pubmed/18296556,ID48,Montelukast,0,24,h,10558.23,ng*h/mL,individual,,,,,,,,,,,,,,,,,,,,
5273,Kearns 2008,https://www.ncbi.nlm.nih.gov/pubmed/18296556,ID49,Montelukast,0,24,h,12013.84,ng*h/mL,individual,,,,,,,,,,,,,,,,,,,,
5274,Kearns 2008,https://www.ncbi.nlm.nih.gov/pubmed/18296556,ID50,Montelukast,0,24,h,9250.706,ng*h/mL,individual,,,,,,,,,,,,,,,,,,,,
5288,Knorr 2000,https://www.ncbi.nlm.nih.gov/pubmed/10984399,2mg PO CT,Montelukast,0,24,h,575,ng*h/mL,geo. mean,109,ng*h/mL,geo. SD,AUC_inf,92,ng/mL,arith. mean,15,ng/mL,arith. SD,Cmax,,,,,,,,Paramters are listed in table 2 PMID https://www.ncbi.nlm.nih.gov/pubmed/10434229,
5289,Knorr 2000,https://www.ncbi.nlm.nih.gov/pubmed/10984399,5mg PO CT,Montelukast,0,24,h,1417,ng*h/mL,geo. mean,313,ng*h/mL,geo. SD,AUC_inf,232,ng/mL,arith. mean,50,ng/mL,arith. SD,Cmax,,,,,,,,Paramters are listed in table 2 PMID https://www.ncbi.nlm.nih.gov/pubmed/10434229,
5290,Knorr 2000,https://www.ncbi.nlm.nih.gov/pubmed/10984399,10mg PO CT,Montelukast,0,24,h,2938,ng*h/mL,geo. mean,583,ng*h/mL,geo. SD,AUC_inf,1.9,ng/mL,arith. mean,83,ng/mL,arith. SD,Cmax,,,,,,,,Paramters are listed in table 2 PMID https://www.ncbi.nlm.nih.gov/pubmed/10434229,
5291,Knorr 2000,https://www.ncbi.nlm.nih.gov/pubmed/10984399,10mg FCT,Montelukast,0,24,h,2448,ng*h/mL,geo. mean,779,ng*h/mL,geo. SD,AUC_inf,4.4,ng/mL,arith. mean,110,ng/mL,arith. SD,Cmax,,,,,,,,Paramters are listed in table 2 PMID https://www.ncbi.nlm.nih.gov/pubmed/10434229,
5292,Zhao 1997,https://www.ncbi.nlm.nih.gov/pubmed/9429741,MD 10mg FCT,Montelukast,0,24,h,3624,ng*h/mL,geo. mean,1258,ng*h/mL,geo. SD,AUC_inf,541.5,ng/mL,geom.mean,172.6,ng/mL,arith. SD,Cmax,,,,,,,,,
5293,Fey 2014,https://www.ncbi.nlm.nih.gov/pubmed/25250173,4mg PO granules (Sandoz),Montelukast,0,36,h,1083,ng*h/mL,arith. Mean,293.88,ng*h/mL,arith. SD,AUC_tend,178.04,ng/mL,arith. mean,41.58,ng/mL,arith. SD,Cmax,,,,,,,,,
5294,Fey 2014,https://www.ncbi.nlm.nih.gov/pubmed/25250173,4mg PO granules (Singular),Montelukast,0,36,h,1112.84,ng*h/mL,arith. Mean,309.13,ng*h/mL,arith. SD,AUC_tend,196.04,ng/mL,arith. mean,53.25,ng/mL,arith. SD,Cmax,,,,,,,,,
5295,Iwamoto 2008,https://www.ncbi.nlm.nih.gov/pubmed/19143531,400mg FCT,Raltegravir,0,24,h,11,µmol*h/L,geo. mean,122,%,CV%,AUC_inf,2.88,µmol/L,geom.mean,184,µmol/L,CV%,Cmax,,,,,,,,,
5296,Markowitz 2006,https://www.ncbi.nlm.nih.gov/pubmed/17133211,100mg FCT MD,Raltegravir,0,12,h,5.7,µmol*h/L,geo. mean,,,,AUC_tau,2.1,µmol/L,geom.mean,,,,,,,,,,,,90% CI and Range were reported (not filled in),
5297,Markowitz 2006,https://www.ncbi.nlm.nih.gov/pubmed/17133211,200mg FCT MD,Raltegravir,0,12,h,9.2,µmol*h/L,geo. mean,,,,AUC_tau,3.5,µmol/L,geom.mean,,,,,,,,,,,,90% CI and Range were reported (not filled in),
5298,Markowitz 2006,https://www.ncbi.nlm.nih.gov/pubmed/17133211,400mg FCT MD,Raltegravir,0,12,h,14.2,µmol*h/L,geo. mean,,,,AUC_tau,4.5,µmol/L,geom.mean,,,,,,,,,,,,90% CI and Range were reported (not filled in),
5299,Markowitz 2006,https://www.ncbi.nlm.nih.gov/pubmed/17133211,600mg FCT MD,Raltegravir,0,12,h,14.6,µmol*h/L,geo. mean,,,,AUC_tau,3.8,µmol/L,geom.mean,,,,,,,,,,,,90% CI and Range were reported (not filled in),
5300,Kassahun 2007,https://www.ncbi.nlm.nih.gov/pubmed/17591678,200mg FCT SD,Raltegravir,0,22,h,11.28,µmol*h/L,arith. Mean,4.36,µmol*h/L,arith. SD,AUC_tau,4.94,µmol/L,arith. mean,1.8,µmol/L,arith. SD,Cmax,,,,,,,,t_end a mean of 22 (from reported 20-24h) was inputed,
5301,Rizk 2015,https://www.ncbi.nlm.nih.gov/pubmed/25753401,3.5m,Raltegravir,0,12,h,21.6,µmol*h/L,geo. mean,40,%,CV%,AUC_tend,,,,,,,,,,,,,,,,
5302,Rizk 2015,https://www.ncbi.nlm.nih.gov/pubmed/25753401,15m,Raltegravir,0,12,h,19.8,µmol*h/L,geo. mean,34,%,CV%,AUC_tend,,,,,,,,,,,,,,,,
5303,Nachmann 2013,https://www.ncbi.nlm.nih.gov/pubmed/24145879,Cohort 1,Raltegravir,0,12,h,10.2,mg*h/L,arith. Mean,10,mg*h/L,arith. SD,AUC_tend,2813.1,ng/mL,arith. mean,2673.9,ng/mL,arith. SD,Cmax,71.7,L/h,arith.mean,56.7,L/h,arith. SD,CL/F,"Other than Arithmatic mean, also median and Geomean with CV% are reported",
5304,Nachmann 2013,https://www.ncbi.nlm.nih.gov/pubmed/24145879,Cohort 2a,Raltegravir,0,12,h,13.4,mg*h/L,arith. Mean,16.1,mg*h/L,arith. SD,AUC_tend,4055.7,ng/mL,arith. mean,5269.5,ng/mL,arith. SD,Cmax,112.8,L/h,arith.mean,161.4,L/h,arith. SD,CL/F,"Other than Arithmatic mean, also median and Geomean with CV% are reported",
5305,Nachmann 2013,https://www.ncbi.nlm.nih.gov/pubmed/24145879,Cohort 2b,Raltegravir,0,12,h,10.5,mg*h/L,arith. Mean,3.5,mg*h/L,arith. SD,AUC_tend,5314.2,ng/mL,arith. mean,2842.6,ng/mL,arith. SD,Cmax,23.6,L/h,arith.mean,8.9,L/h,arith. SD,CL/F,"Other than Arithmatic mean, also median and Geomean with CV% are reported",
5306,Nachmann 2013,https://www.ncbi.nlm.nih.gov/pubmed/24145879,Cohort 3,Raltegravir,0,12,h,9.5,mg*h/L,arith. Mean,5.5,mg*h/L,arith. SD,AUC_tend,5204.8,ng/mL,arith. mean,2640.6,ng/mL,arith. SD,Cmax,13.3,L/h,arith.mean,10.1,L/h,arith. SD,CL/F,"Other than Arithmatic mean, also median and Geomean with CV% are reported",
5307,Larson 2013,https://www.ncbi.nlm.nih.gov/pubmed/24600298,3y,Raltegravir,0,12,h,18,µmol*h/L,geo. mean,59,%,CV%,AUC_tend,,,,,,,,,,,,,,,,
5308,Larson 2013,https://www.ncbi.nlm.nih.gov/pubmed/24600298,9y,Raltegravir,0,12,h,22.6,µmol*h/L,geo. mean,34,%,CV%,AUC_tend,,,,,,,,,,,,,,,,
5309,Larson 2013,https://www.ncbi.nlm.nih.gov/pubmed/24600298,10.5y,Raltegravir,0,12,h,15.8,µmol*h/L,geo. mean,120,%,CV%,AUC_tend,,,,,,,,,,,,,,,,
5310,Doz 2001,https://www.ncbi.nlm.nih.gov/pubmed/11237379,Diamond Black,Paclitaxel,0,3,h,0.0708,mmol*h/L,arith. Mean,15.7,µmol*h/L,arith. SD,AUC_tau,22.4,µmol/L,arith. mean,6.5,µmol/L,arith. SD,Cmax,4.99,L/h/m2,arith.mean,0.99,L/h/m2,arith. SD,CLiv,AUC AvgType changed unit from µ to milli by dividing with 1000,
5311,Horton 2008,https://www.ncbi.nlm.nih.gov/pubmed/17668866,430mg/m2,Paclitaxel,0,48,h,0.0224,mg*h/mL,arith. Mean,7.4,µg*h/mL,arith. SD,AUC_tau,0.87,µg/L,arith. mean,0.28,µg/L,arith. SD,Cmax,21,L/h/m2,arith.mean,9.5,L/h/m2,arith. SD,CLiv,AUC AvgType changed unit from µ to milli by dividing with 1000,
5312,Sonnichsen 1994,https://www.ncbi.nlm.nih.gov/pubmed/7907130,2.3-22.8y,Paclitaxel,0,24,h,0.03,mmol*h/L,median,,,,,,,,,,,,135,mL/min/m2,arith.mean,,,,CLiv,"Clearance based on POP-pk model, auc based on boxplot",
5313,Diamond 2015,https://www.ncbi.nlm.nih.gov/pubmed/25895965,80mgm2,Paclitaxel,0,,,,,,,,,,,,,,,,,,,,,,,,,
5314,Huizing 1993,https://www.ncbi.nlm.nih.gov/pubmed/7901342,135mgm2 24h,Paclitaxel,0,,,,,,,,,,,,,,,,,,,,,,,,,
5315,Huizing 1993,https://www.ncbi.nlm.nih.gov/pubmed/7901342,135mgm2 3h,Paclitaxel,0,,,,,,,,,,,,,,,,,,,,,,,,,
5316,Huizing 1993,https://www.ncbi.nlm.nih.gov/pubmed/7901342,175mgm2 24h,Paclitaxel,0,,,,,,,,,,,,,,,,,,,,,,,,,
5317,Huizing 1993,https://www.ncbi.nlm.nih.gov/pubmed/7901342,175mgm2 3h,Paclitaxel,0,,,,,,,,,,,,,,,,,,,,,,,,,
5318,Huizing 1995,https://www.ncbi.nlm.nih.gov/pubmed/8664192,250mgm2 3h,Paclitaxel,0,,,,,,,,,,,,,,,,,,,,,,,,,
5319,Ibrahim 2002,https://www.ncbi.nlm.nih.gov/pubmed/12006516,135mgm2 3h,Paclitaxel,0,,,,,,,,,,,,,,,,,,,,,,,,,
5320,Ibrahim 2002,https://www.ncbi.nlm.nih.gov/pubmed/12006516,135mgm2 0.5h,Paclitaxel,0,,,,,,,,,,,,,,,,,,,,,,,,,
5321,Ibrahim 2002,https://www.ncbi.nlm.nih.gov/pubmed/12006516,200mgm2 0.5h,Paclitaxel,0,,,,,,,,,,,,,,,,,,,,,,,,,
5322,Ibrahim 2002,https://www.ncbi.nlm.nih.gov/pubmed/12006516,300mgm2 0.5h,Paclitaxel,0,,,,,,,,,,,,,,,,,,,,,,,,,
5323,Ibrahim 2002,https://www.ncbi.nlm.nih.gov/pubmed/12006516,375mgm2 0.5h,Paclitaxel,0,,,,,,,,,,,,,,,,,,,,,,,,,
5324,Sparreboom 2005,https://www.ncbi.nlm.nih.gov/pubmed/15930349,260mgm2 0.5h,Paclitaxel,0,,,,,,,,,,,,,,,,,,,,,,,,,
5325,Sparreboom 2005,https://www.ncbi.nlm.nih.gov/pubmed/15930349,175mgm2 3h,Paclitaxel,0,,,,,,,,,,,,,,,,,,,,,,,,,
5326,Struys 2007,https://www.ncbi.nlm.nih.gov/pubmed/17721240,mean,Propofol,0,,,,,,,,,,,,,,,,,,,,,,,,,
5327,Gepts 1987,https://www.ncbi.nlm.nih.gov/pubmed/3500657 ,12mgkg,Propofol,0,,,,,,,,,,,,,,,,,,,,,,,,,
5328,Gepts 1987,https://www.ncbi.nlm.nih.gov/pubmed/3500657 ,18mgkg,Propofol,0,,,,,,,,,,,,,,,,,,,,,,,,,
5329,Gepts 1987,https://www.ncbi.nlm.nih.gov/pubmed/3500657 ,36mgkg,Propofol,0,,,,,,,,,,,,,,,,,,,,,,,,,
5330,Gepts 1987,https://www.ncbi.nlm.nih.gov/pubmed/3500657 ,6mgkg,Propofol,0,,,,,,,,,,,,,,,,,,,,,,,,,
5331,Schnider 1998,https://www.ncbi.nlm.nih.gov/pubmed/9605675,1mg+25µg,Propofol,0,,,,,,,,,,,,,,,,,,,,,,,,,
5332,Schnider 1998,https://www.ncbi.nlm.nih.gov/pubmed/9605675,1mg+50µg,Propofol,0,,,,,,,,,,,,,,,,,,,,,,,,,
5333,Schnider 1998,https://www.ncbi.nlm.nih.gov/pubmed/9605675,2mg+100µg,Propofol,0,,,,,,,,,,,,,,,,,,,,,,,,,
5334,Schnider 1998,https://www.ncbi.nlm.nih.gov/pubmed/9605675,2mg+200µg,Propofol,0,,,,,,,,,,,,,,,,,,,,,,,,,
5335,Schnider 1998,https://www.ncbi.nlm.nih.gov/pubmed/9605675,2mg+25µg,Propofol,0,,,,,,,,,,,,,,,,,,,,,,,,,
5336,Schnider 1998,https://www.ncbi.nlm.nih.gov/pubmed/9605675,2mg+50µg,Propofol,0,,,,,,,,,,,,,,,,,,,,,,,,,
5337,Allegaert 2007,https://www.ncbi.nlm.nih.gov/pubmed/17897267,17d,Propofol,0,24,h,120.67,µg*min/mL,individual,,,,AUC_inf,,,,,,,,25.46,mL/min/kg,Individual,,,,,,
5338,Allegaert 2007,https://www.ncbi.nlm.nih.gov/pubmed/17897267,8d,Propofol,0,24,h,225.18,µg*min/mL,individual,,,,AUC_inf,,,,,,,,13.58,mL/min/kg,Individual,,,,,,
5339,Kataria 1994,https://www.ncbi.nlm.nih.gov/pubmed/8291699,ID10,Propofol,0,152,min,0.295,mmol*min/L,individual,,,,AUC_tend,,,,,,,,,,,,,,,,
5340,Kataria 1994,https://www.ncbi.nlm.nih.gov/pubmed/8291699,ID11,Propofol,0,2.5,h,0.292,mmol*min/L,individual,,,,AUC_tend,,,,,,,,,,,,,,,,
5341,Kataria 1994,https://www.ncbi.nlm.nih.gov/pubmed/8291699,ID12,Propofol,0,150,min,0.191,mmol*min/L,individual,,,,AUC_tend,,,,,,,,,,,,,,,,
5342,Kataria 1994,https://www.ncbi.nlm.nih.gov/pubmed/8291699,ID13,Propofol,0,150,min,0.276,mmol*min/L,individual,,,,AUC_tend,,,,,,,,,,,,,,,,
5343,Kataria 1994,https://www.ncbi.nlm.nih.gov/pubmed/8291699,ID14,Propofol,0,90,min,0.309,mmol*min/L,individual,,,,AUC_tend,,,,,,,,,,,,,,,,
5344,Kataria 1994,https://www.ncbi.nlm.nih.gov/pubmed/8291699,ID15,Propofol,0,60,min,0.289,mmol*min/L,individual,,,,AUC_tend,,,,,,,,,,,,,,,,
5345,Kataria 1994,https://www.ncbi.nlm.nih.gov/pubmed/8291699,ID16,Propofol,0,180,min,0.294,mmol*min/L,individual,,,,AUC_tend,,,,,,,,,,,,,,,,
5346,Kataria 1994,https://www.ncbi.nlm.nih.gov/pubmed/8291699,ID20,Propofol,0,101,min,0.195,mmol*min/L,individual,,,,AUC_tend,,,,,,,,,,,,,,,,
5348,Kataria 1994,https://www.ncbi.nlm.nih.gov/pubmed/8291699,ID21,Propofol,0,150,min,0.25,mmol*min/L,individual,,,,AUC_tend,,,,,,,,,,,,,,,,
5349,Kataria 1994,https://www.ncbi.nlm.nih.gov/pubmed/8291699,ID22,Propofol,0,158,min,0.225,mmol*min/L,individual,,,,AUC_tend,,,,,,,,,,,,,,,,
5350,Kataria 1994,https://www.ncbi.nlm.nih.gov/pubmed/8291699,ID23,Propofol,0,150,min,0.25,mmol*min/L,individual,,,,AUC_tend,,,,,,,,,,,,,,,,
5351,Kataria 1994,https://www.ncbi.nlm.nih.gov/pubmed/8291699,ID24,Propofol,0,60,min,0.222,mmol*min/L,individual,,,,AUC_tend,,,,,,,,,,,,,,,,
5352,Kataria 1994,https://www.ncbi.nlm.nih.gov/pubmed/8291699,ID25,Propofol,0,150,min,0.453,mmol*min/L,individual,,,,AUC_tend,,,,,,,,,,,,,,,,
5353,Kataria 1994,https://www.ncbi.nlm.nih.gov/pubmed/8291699,ID26,Propofol,0,119,min,0.206,mmol*min/L,individual,,,,AUC_tend,,,,,,,,,,,,,,,,
5354,Kataria 1994,https://www.ncbi.nlm.nih.gov/pubmed/8291699,ID30,Propofol,0,180,min,0.271,mmol*min/L,individual,,,,AUC_tend,,,,,,,,,,,,,,,,
5355,Kataria 1994,https://www.ncbi.nlm.nih.gov/pubmed/8291699,ID31,Propofol,0,150,min,0.25,mmol*min/L,individual,,,,AUC_tend,,,,,,,,,,,,,,,,
5356,Kataria 1994,https://www.ncbi.nlm.nih.gov/pubmed/8291699,ID32,Propofol,0,120,min,0.225,mmol*min/L,individual,,,,AUC_tend,,,,,,,,,,,,,,,,
5357,Kataria 1994,https://www.ncbi.nlm.nih.gov/pubmed/8291699,ID34,Propofol,0,240,min,0.323,mmol*min/L,individual,,,,AUC_tend,,,,,,,,,,,,,,,,
5358,Kataria 1994,https://www.ncbi.nlm.nih.gov/pubmed/8291699,ID35,Propofol,0,129,min,0.275,mmol*min/L,individual,,,,AUC_tend,,,,,,,,,,,,,,,,
5359,Kataria 1994,https://www.ncbi.nlm.nih.gov/pubmed/8291699,ID36,Propofol,0,120,min,0.275,mmol*min/L,individual,,,,AUC_tend,,,,,,,,,,,,,,,,
5360,Kataria 1994,https://www.ncbi.nlm.nih.gov/pubmed/8291699,ID37,Propofol,0,180,min,0.333,mmol*min/L,individual,,,,AUC_tend,,,,,,,,,,,,,,,,
5361,Saint-Maurice 1989,https://www.ncbi.nlm.nih.gov/pubmed/2611067,adult,Propofol,0,24,h,0.071022727,mg*min/mL,arith. Mean,,,,AUC_inf,,,,,,,,35.2,mL/min/kg,arith.mean,1.4,mL/min/kg,SEM,CLiv,AUCinf calculated based on Dose/CL,
5362,Saint-Maurice 1989,https://www.ncbi.nlm.nih.gov/pubmed/2611067,ind1,Propofol,0,24,h,0.096525097,mg*min/mL,individual,,,,AUC_inf,,,,,,,,25.9,mL/min/kg,Individual,,,,CLiv,AUCinf calculated based on Dose/CL,
5363,Saint-Maurice 1989,https://www.ncbi.nlm.nih.gov/pubmed/2611067,ind2,Propofol,0,24,h,0.070621469,mg*min/mL,individual,,,,AUC_inf,,,,,,,,35.4,mL/min/kg,Individual,,,,CLiv,AUCinf calculated based on Dose/CL,
5364,Saint-Maurice 1989,https://www.ncbi.nlm.nih.gov/pubmed/2611067,ind3,Propofol,0,24,h,0.088967972,mg*min/mL,individual,,,,AUC_inf,,,,,,,,28.1,mL/min/kg,Individual,,,,CLiv,AUCinf calculated based on Dose/CL,
5365,Saint-Maurice 1989,https://www.ncbi.nlm.nih.gov/pubmed/2611067,ind4,Propofol,0,24,h,0.09057971,mg*min/mL,individual,,,,AUC_inf,,,,,,,,27.6,mL/min/kg,Individual,,,,CLiv,AUCinf calculated based on Dose/CL,
5366,Saint-Maurice 1989,https://www.ncbi.nlm.nih.gov/pubmed/2611067,ind5,Propofol,0,24,h,0.112107623,mg*min/mL,individual,,,,AUC_inf,,,,,,,,22.3,mL/min/kg,Individual,,,,CLiv,AUCinf calculated based on Dose/CL,
5367,Saint-Maurice 1989,https://www.ncbi.nlm.nih.gov/pubmed/2611067,ind6,Propofol,0,24,h,0.11627907,mg*min/mL,individual,,,,AUC_inf,,,,,,,,21.5,mL/min/kg,Individual,,,,CLiv,AUCinf calculated based on Dose/CL,
5368,Saint-Maurice 1989,https://www.ncbi.nlm.nih.gov/pubmed/2611067,ind7,Propofol,0,24,h,0.056306306,mg*min/mL,individual,,,,AUC_inf,,,,,,,,44.4,mL/min/kg,Individual,,,,CLiv,AUCinf calculated based on Dose/CL,
5369,Saint-Maurice 1989,https://www.ncbi.nlm.nih.gov/pubmed/2611067,ind8,Propofol,0,4,h,0.088028169,mg*min/mL,individual,,,,AUC_inf,,,,,,,,28.4,mL/min/kg,Individual,,,,CLiv,AUCinf calculated based on Dose/CL,
5370,Saint-Maurice 1989,https://www.ncbi.nlm.nih.gov/pubmed/2611067,ind9,Propofol,0,4,h,0.065963061,mg*min/mL,individual,,,,AUC_inf,,,,,,,,37.9,mL/min/kg,Individual,,,,CLiv,AUCinf calculated based on Dose/CL,
5371,Bockbrader 2010,https://www.ncbi.nlm.nih.gov/pubmed/20147618,1mg,Pregabalin,0,12,h,0.223,µg*h/mL,geo. mean,13.5,%,CV%,AUC_inf,0.0383,µg/L,Geom.mean,10.1,%,CV%,Cmax,75.6,mL/min,Geo.mean,14.4,%,CV%,CL/F,,
5372,Bockbrader 2010,https://www.ncbi.nlm.nih.gov/pubmed/20147618,2mg,Pregabalin,0,12,h,0.428,µg*h/mL,geo. mean,,,,,0.0848,µg/L,Geom.mean,,,,,77.9,mL/min,Geo.mean,,,,,,
5373,Bockbrader 2010,https://www.ncbi.nlm.nih.gov/pubmed/20147618,5mg,Pregabalin,0,24,h,1.24,µg*h/mL,geo. mean,11.8,%,CV%,AUC_inf,0.156,µg/L,Geom.mean,12.9,%,CV%,Cmax,68.2,mL/min,Geo.mean,11.6,%,CV%,CL/F,,
5374,Bockbrader 2010,https://www.ncbi.nlm.nih.gov/pubmed/20147618,10mg,Pregabalin,0,36,h,2.54,µg*h/mL,geo. mean,13.8,%,CV%,AUC_inf,0.459,µg/L,Geom.mean,14.7,%,CV%,Cmax,66.4,mL/min,Geo.mean,14.5,%,CV%,CL/F,,
5375,Bockbrader 2010,https://www.ncbi.nlm.nih.gov/pubmed/20147618,25mg,Pregabalin,0,36,h,5.83,µg*h/mL,geo. mean,12.7,%,CV%,AUC_inf,0.918,µg/L,Geom.mean,21.5,%,CV%,Cmax,72.2,mL/min,Geo.mean,13.2,%,CV%,CL/F,,
5376,Bockbrader 2010,https://www.ncbi.nlm.nih.gov/pubmed/20147618,50mg,Pregabalin,0,48,h,12.2,µg*h/mL,geo. mean,11.9,%,CV%,AUC_inf,1.61,µg/L,Geom.mean,25.7,%,CV%,Cmax,69,mL/min,Geo.mean,13,%,CV%,CL/F,,
5377,Bockbrader 2010,https://www.ncbi.nlm.nih.gov/pubmed/20147618,75mg,Pregabalin,0,60,h,15.6,µg*h/mL,geo. mean,15.5,%,CV%,AUC_inf,2.18,µg/L,Geom.mean,8.9,%,CV%,Cmax,81.4,mL/min,Geo.mean,15.3,%,CV%,CL/F,,
5378,Bockbrader 2010,https://www.ncbi.nlm.nih.gov/pubmed/20147618,125mg,Pregabalin,0,60,h,24.6,µg*h/mL,geo. mean,19.1,%,CV%,AUC_inf,3.59,µg/L,Geom.mean,8,%,CV%,Cmax,86.8,mL/min,Geo.mean,17.8,%,CV%,CL/F,,
5379,Bockbrader 2010,https://www.ncbi.nlm.nih.gov/pubmed/20147618,300mg,Pregabalin,0,60,h,66.3,µg*h/mL,geo. mean,6.8,%,CV%,AUC_inf,9.46,µg/L,Geom.mean,11,%,CV%,Cmax,75.6,mL/min,Geo.mean,7.2,%,CV%,CL/F,,
5380,Chew 2014,https://www.ncbi.nlm.nih.gov/pubmed/25078976,IR tablet,Pregabalin,0,48,h,57.98,µg*h/mL,geo. mean,14,%,CV%,AUC_inf,6.71,µg/L,Geom.mean,22,%,CV%,Cmax,,,,,,,,,
5381,Chew 2014,https://www.ncbi.nlm.nih.gov/pubmed/25078976,CT fasted,Pregabalin,0,48,h,35.48,µg*h/mL,geo. mean,36,%,CV%,AUC_inf,2.6,µg/L,Geom.mean,25,%,CV%,Cmax,,,,,,,,,
5382,Chew 2014,https://www.ncbi.nlm.nih.gov/pubmed/25078976,CT fed ,Pregabalin,0,48,h,50.83,µg*h/mL,geo. mean,21,%,CV%,AUC_inf,3.13,µg/L,Geom.mean,16,%,CV%,Cmax,,,,,,,,,
5383,Mann 2014,https://www.ncbi.nlm.nih.gov/pubmed/25377429,12-16y 15mgkgday,Pregabalin,0,12,h,103,µg*h/mL,geo. mean,,,,AUC_inf,13.8,µg/mL,Geom.mean,,,,Cmax,73.1,mL/min,Geo.mean,,,,CL/F,,
5384,Mann 2014,https://www.ncbi.nlm.nih.gov/pubmed/25377429,12-16y 10mgkgday,Pregabalin,0,12,h,48,µg*h/mL,geo. mean,43,%,CV%,AUC_inf,6.7,µg/mL,Geom.mean,59,%,CV%,Cmax,85.9,mL/min,Geo.mean,17,%,CV%,CL/F,,
5385,Mann 2014,https://www.ncbi.nlm.nih.gov/pubmed/25377429,12-16y 5mgkgday,Pregabalin,0,12,h,27.8,µg*h/mL,geo. mean,8,%,CV%,AUC_inf,5.4,µg/mL,Geom.mean,14,%,CV%,Cmax,78.4,mL/min,Geo.mean,12,%,CV%,CL/F,,
5386,Mann 2014,https://www.ncbi.nlm.nih.gov/pubmed/25377429,12-16y 2.5mgkgday,Pregabalin,0,12,h,12.4,µg*h/mL,geo. mean,19,%,CV%,AUC_inf,2.1,µg/mL,Geom.mean,26,%,CV%,Cmax,90.6,mL/min,Geo.mean,26,%,CV%,CL/F,,
5387,Mann 2014,https://www.ncbi.nlm.nih.gov/pubmed/25377429,1-23m 15mgkgday,Pregabalin,0,12,h,72.7,µg*h/mL,geo. mean,,,,AUC_inf,11.45,µg/mL,Geom.mean,,,,Cmax,13.35,mL/min,Geo.mean,,,,CL/F,calculated arith.mean as 2 values reported due to only 2 indviduals,
5388,Mann 2014,https://www.ncbi.nlm.nih.gov/pubmed/25377429,1-23m 10mgkgday,Pregabalin,0,12,h,38.3,µg*h/mL,geo. mean,6,%,CV%,AUC_inf,7.5,µg/mL,Geom.mean,16,%,CV%,Cmax,18.5,mL/min,Geo.mean,49,%,CV%,CL/F,,
5389,Mann 2014,https://www.ncbi.nlm.nih.gov/pubmed/25377429,1-23m 5mgkgday,Pregabalin,0,12,h,18.9,µg*h/mL,geo. mean,25,%,CV%,AUC_inf,3.9,µg/mL,Geom.mean,10,%,CV%,Cmax,17.7,mL/min,Geo.mean,47,%,CV%,CL/F,,
5390,Mann 2014,https://www.ncbi.nlm.nih.gov/pubmed/25377429,1-23m 2.5mgkgday,Pregabalin,0,12,h,9.5,µg*h/mL,geo. mean,22,%,CV%,AUC_inf,1.8,µg/mL,Geom.mean,24,%,CV%,Cmax,19,mL/min,Geo.mean,10,%,CV%,CL/F,,
5391,Mann 2014,https://www.ncbi.nlm.nih.gov/pubmed/25377429,2-6y 15mgkgday,Pregabalin,0,12,h,62.3,µg*h/mL,geo. mean,25,%,CV%,AUC_inf,14.1,µg/mL,Geom.mean,9,%,CV%,Cmax,30.5,mL/min,Geo.mean,9,%,CV%,CL/F,,
5392,Mann 2014,https://www.ncbi.nlm.nih.gov/pubmed/25377429,2-6y 10mgkgday,Pregabalin,0,12,h,29.7,µg*h/mL,geo. mean,,,,AUC_inf,4.55,µg/mL,Geom.mean,,,,Cmax,21.75,mL/min,Geo.mean,,,,CL/F,calculated arith.mean as 2 values reported due to only 2 indviduals,
5393,Mann 2014,https://www.ncbi.nlm.nih.gov/pubmed/25377429,2-6y 5mgkgday,Pregabalin,0,12,h,17.95,µg*h/mL,geo. mean,,,,AUC_inf,1.7,µg/mL,Geom.mean,,,,Cmax,38.3,mL/min,Geo.mean,,,,CL/F,calculated arith.mean as 2 values reported due to only 2 indviduals,
5394,Mann 2014,https://www.ncbi.nlm.nih.gov/pubmed/25377429,2-6y 2.5mgkgday,Pregabalin,0,12,h,10,µg*h/mL,geo. mean,30,%,CV%,AUC_inf,2,µg/mL,Geom.mean,6,%,CV%,Cmax,34.2,mL/min,Geo.mean,61,%,CV%,CL/F,,
5395,Mann 2014,https://www.ncbi.nlm.nih.gov/pubmed/25377429,7-11y 15mgkgday,Pregabalin,0,12,h,69.25,µg*h/mL,geo. mean,,,,AUC_inf,15.2,µg/mL,Geom.mean,,,,Cmax,32.55,mL/min,Geo.mean,,,,CL/F,calculated arith.mean as 2 values reported due to only 2 indviduals,
5396,Mann 2014,https://www.ncbi.nlm.nih.gov/pubmed/25377429,7-11y 10mgkgday,Pregabalin,0,12,h,39.3,µg*h/mL,geo. mean,,,CV%,AUC_inf,,µg/mL,Geom.mean,,,,Cmax,63.7,mL/min,Geo.mean,,,,CL/F,,
5397,Mann 2014,https://www.ncbi.nlm.nih.gov/pubmed/25377429,7-11y 5mgkgday,Pregabalin,0,12,h,24.3,µg*h/mL,geo. mean,11,%,CV%,AUC_inf,,µg/mL,Geom.mean,14,%,CV%,Cmax,49.5,mL/min,Geo.mean,19,%,CV%,CL/F,,
5398,Mann 2014,https://www.ncbi.nlm.nih.gov/pubmed/25377429,7-11y 2.5mgkgday,Pregabalin,0,12,h,14.3,µg*h/mL,geo. mean,26,%,CV%,AUC_inf,,µg/mL,Geom.mean,26,%,CV%,Cmax,58.2,mL/min,Geo.mean,42,%,CV%,CL/F,,
5399,Walker 1979,https://www.ncbi.nlm.nih.gov/pubmed/762009,Volunteer 9,Amikacin,0,8,h,,,,,,,,,,,,,,,90.1,mL/min,Individual,,,,CLiv,,
5400,Walker 1979,https://www.ncbi.nlm.nih.gov/pubmed/762009,population,Amikacin,0,8,h,,,,,,,,,,,,,,,84.6,mL/min,Arith.mean,18,mL/min,arith. SD,CLiv,,
5401,Friesen 2004,https://www.ncbi.nlm.nih.gov/pubmed/15076638,min,Montelukast,0,12,h,,,,,,,,,,,,,,,,,,,,,,,
5402,Friesen 2004,https://www.ncbi.nlm.nih.gov/pubmed/15076638,max,Montelukast,0,12,h,,,,,,,,,,,,,,,,,,,,,,,
5403,Friesen 2004,https://www.ncbi.nlm.nih.gov/pubmed/15076638,Mean ,Montelukast,0,12,h,4387.2,ng*h/mL,geo. mean,1485.1,ng*h/mL,geo.SD,AUC_inf,,,,,,,,,,,,,,,,
5404,Knorr 2001,https://www.ncbi.nlm.nih.gov/pubmed/11402629,2-5y,Montelukast,0,24,h,2721,ng*h/mL,geo. mean,164,ng*h/mL,geo.SD,AUC_inf,,,,,,,,,,,,,,,,
5405,Knorr 1999,https://www.ncbi.nlm.nih.gov/pubmed/10434229,9-14y GT45kg,Montelukast,0,24,h,3528,ng*h/mL,geo. mean,1883,ng*h/mL,geo.SD,AUC_inf,526,ng/mL,arith. mean,413,ng/mL,arith. SD,Cmax,,,,,,,,,
5406,Knorr 1999,https://www.ncbi.nlm.nih.gov/pubmed/10434229,6-8y ,Montelukast,0,24,h,2929,ng*h/mL,geo. mean,994,ng*h/mL,geo.SD,AUC_inf,495,ng/mL,arith. mean,129,ng/mL,arith. SD,Cmax,,,,,,,,,
5407,Knorr 1999,https://www.ncbi.nlm.nih.gov/pubmed/10434229,9-14 SE45kg,Montelukast,0,24,h,2928,ng*h/mL,geo. mean,904,ng*h/mL,geo.SD,AUC_inf,444,ng/mL,arith. mean,37,ng/mL,arith. SD,Cmax,,,,,,,,,
5408,Knorr 2006,https://www.ncbi.nlm.nih.gov/pubmed/16707408,3-6m,Montelukast,0,24,h,3644.3,ng*h/mL,geo. mean,481.5,ng*h/mL,SEM,AUC_inf,561.1,ng/mL,geom.mean,78,ng/mL,SEM,Cmax,18.3,mL/min,geom. Mean,2.4,mL/min,SEM,CL/F,,
5409,Miyoga 2004,https://www.ncbi.nlm.nih.gov/pubmed/15102869,6-12m,Montelukast,0,24,h,2470.9,ng*h/mL,geo. mean,499.3,ng*h/mL,SEM,AUC_inf,583.5,ng/mL,geom.mean,85,ng/mL,SEM,Cmax,19.2,mL/min,geom. Mean,2.8,mL/min,SEM,CL/F,,
5410,Miyoga 2004,https://www.ncbi.nlm.nih.gov/pubmed/15102869,12-24m,Montelukast,0,24,h,3629.2,ng*h/mL,geo. mean,243.1,ng*h/mL,SEM,AUC_inf,582.3,ng/mL,geom.mean,47,ng/mL,SEM,Cmax,18.4,mL/min,geom. Mean,1.2,mL/min,SEM,CL/F,,
5411,Cheng 1996,https://www.ncbi.nlm.nih.gov/pubmed/8692739,3mg IV male,Montelukast,0,24,h,,,,,,,,,,,,,,,50.4,mL/min,harmonic mean,12.1,mL/min,Jacknife SD,CLiv,,
5412,Cheng 1996,https://www.ncbi.nlm.nih.gov/pubmed/8692739,9mg IV male,Montelukast,0,24,h,,,,,,,,,,,,,,,46,mL/min,harmonic mean,4.2,mL/min,Jacknife SD,CLiv,,
5413,Cheng 1996,https://www.ncbi.nlm.nih.gov/pubmed/8692739,18mg IV male,Montelukast,0,24,h,,,,,,,,,,,,,,,40.2,mL/min,harmonic mean,6.4,mL/min,Jacknife SD,CLiv,,
5414,Cheng 1996,https://www.ncbi.nlm.nih.gov/pubmed/8692739,9mg IV Female,Montelukast,0,24,h,,,,,,,,,,,,,,,47.6,mL/min,harmonic mean,16,mL/min,Jacknife SD,CLiv,,
5415,Cheng 1996,https://www.ncbi.nlm.nih.gov/pubmed/8692739,10mg PO Female,Montelukast,0,24,h,2270,ng*h/mL,Harmonic mean,919,ng*h/mL,Jacknife SD,AUC_tau,350,ng/mL,Harmonic mean,161,ng/mL,Jacknife SD,Cmax,,,,,,,,,
5416,Cheng 1996,https://www.ncbi.nlm.nih.gov/pubmed/8692739,10mg PO male,Montelukast,0,24,h,2441,ng*h/mL,Harmonic mean,441,ng*h/mL,Jacknife SD,AUC_tau,385,ng/mL,Harmonic mean,85,ng/mL,Jacknife SD,Cmax,,,,,,,,,
5417,Walker 1979,https://www.ncbi.nlm.nih.gov/pubmed/762009,Volunteer 6,Amikacin,0,8,h,,,,,,,,,,,,,,,66,mL/min,Individual,,,,CLiv,,
5418,Bockbrader 2010,https://www.ncbi.nlm.nih.gov/pubmed/20147618,200mg,Pregabalin,0,60,h,46,µg*h/mL,geo. mean,17.6,%,CV%,AUC_inf,5.96,µg/L,Geom.mean,11.7,%,CV%,Cmax,74.2,mL/min,Geo.mean,19.4,%,CV%,CL/F,,
5419,Doz 2001,https://www.ncbi.nlm.nih.gov/pubmed/11237379,Diamond white,Paclitaxel,0,3,h,0.0708,mmol*h/L,arith. Mean,15.7,µmol*h/L,arith. SD,AUC_tau,22.4,µmol/L,arith. mean,6.5,µmol/L,arith. SD,Cmax,4.99,L/h/m2,arith.mean,0.99,L/h/m2,arith. SD,CLiv,AUC AvgType changed unit from µ to milli by dividing with 1000,
5420,Doz 2001,https://www.ncbi.nlm.nih.gov/pubmed/11237379,Square black,Paclitaxel,0,3,h,0.0708,mmol*h/L,arith. Mean,15.7,µmol*h/L,arith. SD,AUC_tau,22.4,µmol/L,arith. mean,6.5,µmol/L,arith. SD,Cmax,4.99,L/h/m2,arith.mean,0.99,L/h/m2,arith. SD,CLiv,AUC AvgType changed unit from µ to milli by dividing with 1000,
5421,Doz 2001,https://www.ncbi.nlm.nih.gov/pubmed/11237379,Square white,Paclitaxel,0,3,h,0.0708,mmol*h/L,arith. Mean,15.7,µmol*h/L,arith. SD,AUC_tau,22.4,µmol/L,arith. mean,6.5,µmol/L,arith. SD,Cmax,4.99,L/h/m2,arith.mean,0.99,L/h/m2,arith. SD,CLiv,AUC AvgType changed unit from µ to milli by dividing with 1000,
5422,Doz 2001,https://www.ncbi.nlm.nih.gov/pubmed/11237379,Triangle black,Paclitaxel,0,3,h,0.0708,mmol*h/L,arith. Mean,15.7,µmol*h/L,arith. SD,AUC_tau,22.4,µmol/L,arith. mean,6.5,µmol/L,arith. SD,Cmax,4.99,L/h/m2,arith.mean,0.99,L/h/m2,arith. SD,CLiv,AUC AvgType changed unit from µ to milli by dividing with 1000,
5423,Doz 2001,https://www.ncbi.nlm.nih.gov/pubmed/11237379,Triangle white,Paclitaxel,0,3,h,0.0708,mmol*h/L,arith. Mean,15.7,µmol*h/L,arith. SD,AUC_tau,22.4,µmol/L,arith. mean,6.5,µmol/L,arith. SD,Cmax,4.99,L/h/m2,arith.mean,0.99,L/h/m2,arith. SD,CLiv,AUC AvgType changed unit from µ to milli by dividing with 1000,
5424,Horton 2008,https://www.ncbi.nlm.nih.gov/pubmed/17668866,250mgm2,Paclitaxel,0,48,h,0.01,mg*h/mL,arith. Mean,4.1,µg*h/mL,arith. SD,AUC_tau,0.38,µg/ml,arith. mean,0.13,µg/L,,Cmax,28,L/h/m2,arith.mean,11,L/h/m2,arith. SD,CLiv,AUC AvgType changed unit from µ to milli by dividing with 1000,
5425,Horton 2008,https://www.ncbi.nlm.nih.gov/pubmed/17668866,300mgm2,Paclitaxel,0,48,h,0.0164,mg*h/mL,arith. Mean,9.6,µg*h/mL,arith. SD,AUC_tau,0.65,µg/ml,arith. mean,0.4,µg/L,,Cmax,26,L/h/m2,arith.mean,22,L/h/m2,arith. SD,CLiv,AUC AvgType changed unit from µ to milli by dividing with 1000,
5426,Horton 2008,https://www.ncbi.nlm.nih.gov/pubmed/17668866,360mgm2,Paclitaxel,0,48,h,0.0236,mg*h/mL,arith. Mean,15.3,µg*h/mL,arith. SD,AUC_tau,0.93,µg/ml,arith. mean,0.68,µg/L,,Cmax,19,L/h/m2,arith.mean,13,L/h/m2,arith. SD,CLiv,AUC AvgType changed unit from µ to milli by dividing with 1000,
5427,Horton 2008,https://www.ncbi.nlm.nih.gov/pubmed/17668866,400mgm2,Paclitaxel,0,48,h,0.0186,mg*h/mL,individual,,,,AUC_tau,0.74,µg/ml,individual,,,,Cmax,23,L/h/m2,Individual,,,,CLiv,AUC AvgType changed unit from µ to milli by dividing with 1000,
5428,Horton 2008,https://www.ncbi.nlm.nih.gov/pubmed/17668866,500mgm2,Paclitaxel,0,48,h,0.036,mg*h/mL,arith. Mean,12,µg*h/mL,arith. SD,AUC_tau,1.3,µg/ml,arith. mean,0.7,µg/L,,Cmax,15,L/h/m2,arith.mean,6,L/h/m2,arith. SD,CLiv,AUC AvgType changed unit from µ to milli by dividing with 1000,
5429,Doz 2001,https://www.ncbi.nlm.nih.gov/pubmed/11237379,240mgm2,Paclitaxel,0,3,h,0.0338,mmol*h/L,arith. Mean,4.8,µmol*h/L,arith. SD,AUC_tau,8.3,µmol/L,arith. mean,2.1,µmol/L,arith. SD,Cmax,8.48,L/h/m2,arith.mean,1.24,L/h/m2,arith. SD,CLiv,AUC AvgType changed unit from µ to milli by dividing with 1000,
5430,Doz 2001,https://www.ncbi.nlm.nih.gov/pubmed/11237379,290mgm2,Paclitaxel,0,3,h,0.0708,mmol*h/L,arith. Mean,15.7,µmol*h/L,arith. SD,AUC_tau,22.4,µmol/L,arith. mean,6.5,µmol/L,arith. SD,Cmax,4.66,L/h/m2,arith.mean,0.99,L/h/m2,arith. SD,CLiv,AUC AvgType changed unit from µ to milli by dividing with 1000,
5431,Doz 2001,https://www.ncbi.nlm.nih.gov/pubmed/11237379,350mgm2,Paclitaxel,0,3,h,0.1567,mmol*h/L,arith. Mean,75.7,µmol*h/L,arith. SD,AUC_tau,40.2,µmol/L,arith. mean,17.8,µmol/L,arith. SD,Cmax,3.39,L/h/m2,arith.mean,1.61,L/h/m2,arith. SD,CLiv,AUC AvgType changed unit from µ to milli by dividing with 1000,
5432,Doz 2001,https://www.ncbi.nlm.nih.gov/pubmed/11237379,420mgm2,Paclitaxel,0,3,h,0.1796,mmol*h/L,arith. Mean,0.1,µmol*h/L,arith. SD,AUC_tau,38.9,µmol/L,arith. mean,4.9,µmol/L,arith. SD,Cmax,2.74,L/h/m2,arith.mean,0.01,L/h/m2,arith. SD,CLiv,AUC AvgType changed unit from µ to milli by dividing with 1000,
5433,Larson 2013,https://www.ncbi.nlm.nih.gov/pubmed/24600298,15y,Raltegravir,0,12,h,15.7,µmol*h/L,geo. mean,98,%,CV%,AUC_tend,,,,,,,,,,,,,,,,
5434,Saint-Maurice 1989,https://www.ncbi.nlm.nih.gov/pubmed/2611067,ind10,Propofol,0,4,h,0.06377551,mg*min/mL,individual,,,,AUC_inf,,,,,,,,39.2,mL/min/kg,Individual,,,,CLiv,AUCinf calculated based on Dose/CL,
5435,Rhee 2014,https://www.ncbi.nlm.nih.gov/pubmed/24608069,Chewable tablet fasted,Raltegravir,0,24,h,34.2,µmol*h/L,geo. mean,,,,AUC_inf,16.1,µmol/L,Geom.mean,,,,Cmax,,,,,,,,,
5436,Rhee 2014,https://www.ncbi.nlm.nih.gov/pubmed/24608069,Chewable tablet fed,Raltegravir,0,24,h,32.3,µmol*h/L,geo. mean,,,,AUC_inf,6.14,µmol/L,Geom.mean,,,,Cmax,,,,,,,,,
5437,Rhee 2014,https://www.ncbi.nlm.nih.gov/pubmed/24608069,granules suspension,Raltegravir,0,24,h,50.4,µmol*h/L,geo. mean,,,,AUC_inf,23.2,µmol/L,Geom.mean,,,,Cmax,,,,,,,,,
5438,Rhee 2014,https://www.ncbi.nlm.nih.gov/pubmed/24608069,filmcoated tablet,Raltegravir,0,24,h,19.2,µmol*h/L,geo. mean,,,,AUC_inf,5,µmol/L,Geom.mean,,,,Cmax,,,,,,,,,
5439,Iwamoto 2008,"https://www.ncbi.nlm.nih.gov/pubmed/17713476
",10mg ,Raltegravir,0,12,h,0.82,µmol*h/L,geo. mean,,,,AUC_inf,0.58,µmol/L,Geom.mean,,,,Cmax,51.62,mL/min,arith.mean,,,,,,
5440,Iwamoto 2008,"https://www.ncbi.nlm.nih.gov/pubmed/17713476
",25mg,Raltegravir,0,12,h,1.69,µmol*h/L,geo. mean,,,,AUC_inf,1.17,µmol/L,Geom.mean,,,,Cmax,78.4,mL/min,arith.mean,,,,,,
5441,Iwamoto 2008,"https://www.ncbi.nlm.nih.gov/pubmed/17713476
",50mg,Raltegravir,0,12,h,4.49,µmol*h/L,geo. mean,,,,AUC_inf,2.37,µmol/L,Geom.mean,,,,Cmax,53.92,mL/min,arith.mean,,,,,,
5442,Iwamoto 2008,"https://www.ncbi.nlm.nih.gov/pubmed/17713476
",100mg,Raltegravir,0,12,h,6.12,µmol*h/L,geo. mean,,,,AUC_inf,2.75,µmol/L,Geom.mean,,,,Cmax,59,mL/min,arith.mean,,,,,,
5443,Iwamoto 2008,"https://www.ncbi.nlm.nih.gov/pubmed/17713476
",200mg,Raltegravir,0,12,h,16.9,µmol*h/L,geo. mean,,,,AUC_inf,5.83,µmol/L,Geom.mean,,,,Cmax,46.53,mL/min,arith.mean,,,,,,
5444,Iwamoto 2008,"https://www.ncbi.nlm.nih.gov/pubmed/17713476
",400mg,Raltegravir,0,12,h,24.61,µmol*h/L,geo. mean,,,,AUC_inf,10.63,µmol/L,Geom.mean,,,,Cmax,60.88,mL/min,arith.mean,,,,,,
5445,Iwamoto 2008,"https://www.ncbi.nlm.nih.gov/pubmed/17713476
",800mg,Raltegravir,0,12,h,63.11,µmol*h/L,geo. mean,,,,AUC_inf,24.67,µmol/L,Geom.mean,,,,Cmax,48.52,mL/min,arith.mean,,,,,,
5446,Iwamoto 2008,"https://www.ncbi.nlm.nih.gov/pubmed/17713476
",1200mg,Raltegravir,0,12,h,84.01,µmol*h/L,geo. mean,,,,AUC_inf,30.96,µmol/L,Geom.mean,,,,Cmax,42.22,mL/min,arith.mean,,,,,,
5447,Iwamoto 2008,"https://www.ncbi.nlm.nih.gov/pubmed/17713476
",1600mg,Raltegravir,0,12,h,95.6,µmol*h/L,geo. mean,,,,AUC_inf,36.06,µmol/L,Geom.mean,,,,Cmax,43.52,mL/min,arith.mean,,,,,,
5448,Wenning 2009,"https://www.ncbi.nlm.nih.gov/pubmed/19433563
",400mg ,Raltegravir,0,12,h,27.57,µmol*h/L,geo. mean,,,,AUC_inf,8.61,µmol/L,Geom.mean,,,,,,,,,,,,,
,,,,,,,,,,,,,,,,,,,,,,,,,,,,,,
,,,,,,,,,,,,,,,,,,,,,,,,,,,,,,
,,,,,,,,,,,,,,,,,,,,,,,,,,,,,,
,,,,,,,,,,,,,,,,,,,,,,,,,,,,,,
